{
    "Decision Tree": {
        "accuracy": 0.6730769230769231,
        "fn": 0.35714285714285715,
        "fp": 0.3157894736842105,
        "tn": 0.6842105263157895,
        "tp": 0.6428571428571429
    },
    "Gaussian Naive Bayes": {
        "accuracy": 0.7115384615384616,
        "fn": 0.07142857142857142,
        "fp": 0.3684210526315789,
        "tn": 0.631578947368421,
        "tp": 0.9285714285714286
    },
    "Linear SVM": {
        "accuracy": 0.4423076923076923,
        "fn": 0.07142857142857142,
        "fp": 0.7368421052631579,
        "tn": 0.2631578947368421,
        "tp": 0.9285714285714286
    },
    "Neural Network MLP": {
        "accuracy": 0.7307692307692307,
        "fn": 0.0,
        "fp": 0.3684210526315789,
        "tn": 0.631578947368421,
        "tp": 1.0
    }
}